{
  "timestamp": 1744220880000,
  "open": 81527.5,
  "high": 81728,
  "low": 81265.7,
  "close": 81333.9,
  "volumeBuy": 305.5954699999733,
  "volumeSell": 372.47292999997427,
  "cvd": -66.87745999999888
}