{
  "timestamp": 1744455600000,
  "open": 83385.5,
  "high": 83424.83,
  "low": 83385.5,
  "close": 83385.9,
  "volumeBuy": 0.6025100000000002,
  "volumeSell": 0.00711,
  "cvd": 0.5954000000000002
}