{
  "timestamp": 1744455540000,
  "open": 83431.99,
  "high": 83431.99,
  "low": 83385.4,
  "close": 83431.99,
  "volumeBuy": 2.3982699999999997,
  "volumeSell": 0.74349,
  "cvd": 1.65478
}