{
  "timestamp": 1744553580000,
  "open": 83780.8,
  "high": 83833.43,
  "low": 83773.1,
  "close": 83822.87,
  "volumeBuy": 0.49428999999999995,
  "volumeSell": 1.957610000000001,
  "cvd": -1.4633200000000013
}