{
  "timestamp": 1744455540000,
  "open": 83431.99,
  "high": 83431.99,
  "low": 83385.4,
  "close": 83431.99,
  "volumeBuy": 2.3867099999999994,
  "volumeSell": 0.73797,
  "cvd": 1.6487400000000003
}